Model,Micro F1,Macro F1,Jaccard
SVM,0.0,0.0,0.0
BiLSTM,0.0,0.0,0.0
DistilRoBERTa,0.728373364577231,0.3278884011511127,0.6661228133345335
