Metric,SVM Baseline,Joint BiLSTM,Absolute Lift,% Improvement
Micro F1 (Global Accuracy),0.4776,0.6263855683547055,0.14878556835470547,31.152757193196283
Macro F1 (Class Fairness),0.4067,0.24019751283866805,-0.16650248716133195,-40.939878820096375
Hamming Loss (Error Rate ↓),0.0753,0.030088216761184627,-0.045211783238815376,-60.04220881648787
Jaccard Score (Multi-label Overlap),0.3457,0.5277117652353948,0.18201176523539475,52.650206894820585
