Metric,DistilRoBERTa-Base
Micro F1,0.728373364577231
Macro F1,0.3278884011511127
Jaccard Score,0.6661228133345335
Hamming Loss,0.024347125953931247
