Split,Loss,Micro F1,Macro F1,Hamming Loss,Jaccard Score
Training,0.0614,0.7144882092693613,0.28597617421203564,0.02328359254588763,0.61709872095118
Validation,0.0800,0.6339697169190257,0.2443337550425347,0.02922316829601598,0.5292652160201828
Testing,0.0848,0.6263855683547055,0.24019751283866805,0.030088216761184627,0.5277117652353948
